uid;type;request
2ec2f3dc;GET;/v1/instruments/RIZ5@RTSX/orderbook
1ebb3c68;GET;/v1/instruments/ROSN@MISX/quotes/latest
d9c5a7c5;GET;/v1/accounts/{account_id}/orders/ORDERR01
55fe82eb;GET;/v1/instruments/ROSN@MISX/orderbook
68012c5a;GET;/v1/instruments/SiZ5@RTSX/bars?timeframe=TIME_FRAME_D&interval.start_time=2023-07-01T00:00:00Z&interval.end_time=2023-09-30T23:59:59Z
8b47b47a;GET;/v1/assets/GAZP@MISX/schedule
f52e73ae;GET;/v1/assets/LKOH@MISX/options
bb67421d;GET;/v1/instruments/LKOH@MISX/bars?timeframe=TIME_FRAME_MN&interval.start_time=2018-10-01T00:00:00Z&interval.end_time=2023-10-01T23:59:59Z
e4d8c956;GET;/v1/accounts/{account_id}/orders
58f2bb7f;POST;/v1/accounts/{account_id}/orders
9a573132;POST;/v1/accounts/{account_id}/orders
2f2534ba;GET;/v1/accounts/{account_id}/orders/ORD098765
eaf4ff3a;GET;/v1/instruments/AAPL@XNGS/bars?timeframe=TIME_FRAME_D&interval.start_time=2023-10-01T00:00:00Z&interval.end_time=2023-10-01T23:59:59Z
9aaff5b7;GET;/v1/accounts/ACC-001-A/transactions?interval.start_time=2023-01-01T00:00:00Z&interval.end_time=2023-10-31T23:59:59Z
7803510d;GET;/v1/accounts/ACC-001-A/orders
55de579c;POST;/v1/sessions/details
1737518c;GET;/v1/assets/FORTS/schedule
344ba99e;GET;/v1/instruments/SBER@MISX/bars?timeframe=TIME_FRAME_M5
f0fa525b;GET;/v1/instruments/GAZP@MISX/trades/latest
4439c9f7;GET;/v1/assets
0ae170e2;GET;/v1/instruments/SiZ5@RTSX/bars?timeframe=TIME_FRAME_H4&interval.start_time=2023-09-01T00:00:00Z&interval.end_time=2023-09-30T23:59:59Z
348f561b;GET;/v1/accounts/A12345/orders/ORD998877
3d8fb73a;GET;/v1/accounts/ACC-001-A/trades?limit=10
79394fb5;GET;/v1/accounts/{account_id}/trades?limit=100
52c950c3;POST;/v1/accounts/{account_id}/orders
b716dcb3;GET;/v1/accounts/USR-305-C/trades
4bb44574;GET;/v1/instruments/RIZ5@RTSX/quotes/latest
72fee7f5;GET;/v1/accounts/{account_id}/orders/ORD777777
b2d1f5f3;GET;/v1/assets/NGZ5@RTSX/options
54226450;POST;/v1/accounts/{account_id}/orders
07df4bb8;GET;/v1/instruments/YNDX@MISX/orderbook
19c2fdf6;DELETE;/v1/accounts/{account_id}/orders/{order_id}
f2188934;GET;/v1/assets/TATN@MISX/params
f33706ac;GET;/v1/assets/ALRS@MISX/params
d603f6eb;GET;/v1/accounts/A12345/trades
b87ce810;GET;/v1/instruments/{symbol}/quotes/latest
4ee7f891;POST;/v1/accounts/{account_id}/orders
b5b894ea;GET;/v1/instruments/SiZ5@RTSX/trades/latest
780c3540;POST;/v1/accounts/{account_id}/orders
fcb43735;GET;/v1/instruments/ROSN@MISX/orderbook
59945208;GET;/v1/assets/SNGS@MISX/options
4043971a;GET;/v1/assets/LKOH@MISX/options
990b1bdd;GET;/v1/accounts/FIN-203-B/transactions?interval.start_time=2023-09-01T00:00:00Z&interval.end_time=2023-09-30T23:59:59Z
87d296b3;GET;/v1/accounts/FIN-203-B/trades
5f6cc288;GET;/v1/assets/RUAL@MISX/schedule
6007f24f;GET;/v1/assets
aacdce6f;GET;/v1/accounts/{account_id}/positions
d4ece9ae;GET;/v1/assets/MSFT@XNGS
02a44635;GET;/v1/accounts/ACC-001-A/trades?interval.start_time=2025-09-25T00:00:00Z&interval.end_time=2025-09-25T23:59:59Z
29e42f5c;GET;/v1/assets/AMZN/options
bf1a9c03;GET;/v1/instruments/RIZ5@RTSX/bars?timeframe=TIME_FRAME_D&interval.start_time=2023-01-01T00:00:00Z&interval.end_time=2023-10-01T00:00:00Z
b5ece83d;GET;/v1/instruments/VTBR@MISX/trades/latest
09db9fa9;POST;/v1/sessions/details
03504aa4;GET;/v1/instruments/VTBR@MISX/bars?timeframe=TIME_FRAME_W&interval.start_time=2023-10-02T00:00:00Z&interval.end_time=2023-10-08T23:59:59Z
4243cb12;GET;/v1/instruments/USD000UTSTOM@MOEX/quotes/latest
730e98b5;GET;/v1/instruments/GAZP@MISX/bars?timeframe=TIME_FRAME_D&interval.start_time=2025-09-01T00:00:00Z&interval.end_time=2025-09-01T23:59:59Z
2f9ee060;GET;/v1/accounts/FIN-203-B
1f4a7df3;POST;/v1/sessions/details
658fbb91;GET;/v1/accounts/{account_id}/orders/ORD667788
14af2851;GET;/v1/instruments/LKOH@MISX/quotes/latest
8ee6ae05;GET;/v1/accounts/FIN-203-B
6dd90b76;POST;/v1/sessions/details
1bde7410;GET;/v1/accounts/{account_id}/orders
ae887b10;GET;/v1/assets/IRAO@MISX
4e8c3b61;GET;/v1/instruments/SNGS@MISX/trades/latest
cc5c80da;GET;/v1/accounts/FIN-203-B/trades
5e608e5d;POST;/v1/accounts/{account_id}/orders
b242f24a;GET;/v1/accounts/ACC-001-A/transactions?interval.start_time=2023-01-01T00:00:00Z&interval.end_time=2023-12-31T23:59:59Z
930208e9;GET;/v1/exchanges
ab128a5c;GET;/v1/accounts/FIN-203-B/trades
6f2eb3d2;GET;/v1/instruments/SiZ5@RTSX/orderbook
ce32889f;GET;/v1/instruments/ROSN@MISX/bars?timeframe=TIME_FRAME_H1&interval.start_time=2023-10-16T00:00:00Z&interval.end_time=2023-10-23T23:59:59Z
d4724bdc;GET;/v1/instruments/ROSN@MISX/bars?timeframe=TIME_FRAME_H2&interval.start_time=2023-10-01T00:00:00Z&interval.end_time=2023-10-07T23:59:59Z
a43bed07;GET;/v1/accounts/ACC-001-A
192d0519;GET;/v1/instruments/ROSN@MISX/trades/latest
39c4c68c;GET;/v1/exchanges
ddf34b0f;POST;/v1/accounts/{account_id}/orders
af2d2b12;GET;/v1/accounts/ACC-001-A/transactions
6ecc19a2;GET;/v1/instruments/YNDX@MISX/trades/latest
ac5224b1;GET;/v1/accounts/FIN-203-B/trades?interval.start_time=2023-10-09T00:00:00Z&interval.end_time=2023-10-15T23:59:59Z
07752fe1;POST;/v1/accounts/{account_id}/orders
ed7fea29;POST;/v1/sessions/details
81b32b07;GET;/v1/assets/YNDX@MISX
45881474;GET;/v1/assets/MSFT@NASDAQ/schedule
333f0f03;GET;/v1/instruments/GAZP@MISX/orderbook
a9af8de0;GET;/v1/instruments/GAZP@MISX/bars?timeframe=TIME_FRAME_D&interval.start_time=2023-09-01T00:00:00Z&interval.end_time=2023-09-30T23:59:59Z
4f202e8f;GET;/v1/instruments/GMKN@MISX/bars?timeframe=TIME_FRAME_M15&interval.start_time=2023-10-01T00:00:00Z&interval.end_time=2023-10-01T23:59:59Z
1c10b6a1;POST;/v1/accounts/{account_id}/orders
834d3ee8;GET;/v1/accounts/{account_id}/orders/ORD010101
c95c21dc;GET;/v1/accounts/ACC-001-A
4b785a00;GET;/v1/assets/YNDX@MISX
3f7f1331;GET;/v1/accounts/ACC-001-A
6f3f996a;GET;/v1/assets/AFLT@MISX/schedule
dcf9ac7f;GET;/v1/accounts/FIN-203-B/transactions?interval.start_time=2023-09-01T00:00:00Z&interval.end_time=2023-09-30T23:59:59Z
aba7c8d9;GET;/v1/accounts/ACC-001-A
6b8a0847;POST;/v1/sessions/details
aae238ea;GET;/v1/assets/SBER@MISX
80e08357;DELETE;/v1/accounts/{account_id}/orders/ORD000111
3ca82a95;GET;/v1/accounts/{account_id}/assets/GAZP@MISX
53e222d7;GET;/v1/instruments/MAGN@MISX/trades/latest
3837cf28;GET;/v1/instruments/VTBR@MISX/bars?timeframe=TIME_FRAME_M15&interval.start_time=2023-10-23T00:00:00Z&interval.end_time=2023-10-23T23:59:59Z
fe51939f;GET;/v1/instruments/NORN@MISX/trades/latest
d87af605;GET;/v1/instruments/LKOH@MISX/trades/latest
880f39eb;GET;/v1/assets/SBER@MISX
5aee8142;POST;/v1/accounts/{account_id}/orders
f7a8b0ca;GET;/v1/accounts/USR-305-C/trades?symbol=GAZP@MISX&interval.start_time=2023-09-01T00:00:00Z&interval.end_time=2023-09-30T23:59:59Z
cf94d5bc;GET;/v1/assets/POLY@MISX/schedule
bf227d11;GET;/v1/instruments/AAPL@NASDAQ/bars?timeframe=TIME_FRAME_D&interval.start_time=2025-07-01T00:00:00Z&interval.end_time=2025-09-30T23:59:59Z
f467aed4;POST;/v1/accounts/{account_id}/orders
84f6f18d;GET;/v1/instruments/MAGN@MISX/trades/latest
a8ff3dcc;GET;/v1/assets/CHMF@MISX/params
21ace9a1;GET;/v1/accounts/USR-305-C
23a44fcd;GET;/v1/assets/CRM5@RTSX/params
5f1fb5b1;GET;/v1/assets/MAGN@MISX
2c3f20f6;GET;/v1/accounts/USR-305-C/trades
8b4e2b55;GET;/v1/accounts/FIN-203-B
c0bd0eab;GET;/v1/instruments/PHOR@MISX/trades/latest
17b6e0ea;GET;/v1/assets/FEES@MISX/params
f6419f11;GET;/v1/instruments/YNDX@MISX/bars?timeframe=TIME_FRAME_M15&interval.start_time=2023-10-02T00:00:00Z&interval.end_time=2023-10-02T23:59:59Z
1f2d22d4;GET;/v1/instruments/SBER@MISX/trades/latest
82e5b045;DELETE;/v1/accounts/{account_id}/orders/latest
ba66b0e4;GET;/v1/accounts/FIN-203-B
812c7ef9;POST;/v1/sessions/details
c3098930;GET;/v1/instruments/VK@MISX/orderbook
2ffcbe12;GET;/v1/accounts/ACC-001-A/transactions?type=NKD
5e94d76b;GET;/v1/accounts/FIN-203-B
435d76c2;GET;/v1/assets/UNPRO@MISX/params
f52edbe7;GET;/v1/instruments/USD000UTSTOM/bars?timeframe=TIME_FRAME_M1&interval.start_time=2023-10-02T14:00:00Z&interval.end_time=2023-10-02T15:00:00Z
2186ffdd;GET;/v1/instruments/YNDX@MISX/trades/latest
5f143fcd;POST;/v1/accounts/{account_id}/orders
1606f5c4;GET;/v1/accounts/ACC-001-A
7c83e487;GET;/v1/assets/SI@RTS/options
897d83b7;GET;/v1/accounts
7d919a6c;GET;/v1/instruments/RIZ5@RTSX/trades/latest
79704f61;GET;/v1/instruments/NORN@MISX/orderbook
696b847e;GET;/v1/assets/RIZ5@FORTS
c552bec9;GET;/v1/accounts/{account_id}/orders/ORDXYZ123
6e79789d;GET;/v1/assets/BRZ5@FORTS/params
84af6941;GET;/v1/instruments/AAPL@XNGS/bars?timeframe=TIME_FRAME_D&interval.start_time=2025-01-01T00:00:00Z
5c130f34;GET;/v1/assets/HHHR@MISX
6529c756;GET;/v1/assets/SBER@MISX/options
a8651c81;GET;/v1/accounts/USR-305-C/transactions?interval.start_time=2023-10-02T00:00:00Z&interval.end_time=2023-10-02T23:59:59Z
14cea1ff;GET;/v1/accounts/{account_id}/orders/ORDABCDEF
ff333ed6;POST;/v1/accounts/{account_id}/orders
ccbe769a;GET;/v1/accounts/ACC-001-A/trades
19ce57dd;POST;/v1/sessions/details
7b7a8ee6;GET;/v1/assets/BRZ5@RTSX
821a7b84;GET;/v1/assets
4344d6b6;GET;/v1/instruments/GAZP@MISX/orderbook
a93596ff;GET;/v1/accounts/{account_id}/orders/ORD987654
31e3f1f3;GET;/v1/assets/SNGS@MISX/params
922e60f0;GET;/v1/assets/SBER
9680fe59;GET;/v1/instruments/USDRUB_TOM/quotes/latest
0fa2f355;GET;/v1/accounts/ACC-001-A/transactions?interval.start_time=2023-10-01T00:00:00Z&interval.end_time=2023-10-01T23:59:59Z
aed3a66d;GET;/v1/accounts/ACC-001-A
9ef31034;GET;/v1/accounts/{account_id}/trades?interval.start_time=2023-10-09T00:00:00Z&interval.end_time=2023-10-15T23:59:59Z
f0900340;POST;/v1/accounts/{account_id}/orders
d5139322;GET;/v1/accounts/USR-305-C
c09ba88a;GET;/v1/accounts/USR-305-C/transactions?interval.start_time=2023-08-01T00:00:00Z&interval.end_time=2023-08-31T23:59:59Z
59757eac;GET;/v1/accounts/ACC-001-A/assets
11c31380;GET;/v1/exchanges
05a38e46;GET;/v1/assets/PDM5@RTSX/params
c4bdb01d;GET;/v1/instruments/SBER@MISX/orderbook
a1559d9c;GET;/v1/instruments/{symbol}/orderbook
06e7d92b;GET;/v1/instruments/TCSG@MISX/trades/latest
2cc144f2;POST;/v1/accounts/{account_id}/orders
8b85569f;GET;/v1/assets/SiZ5@RTSX
efcd0f96;GET;/v1/accounts/ACC-001-A/transactions
1ecb7b73;POST;/v1/accounts/{account_id}/orders
9c96dd7f;GET;/v1/instruments/TSLA@NASDAQ/bars?timeframe=TIME_FRAME_M1&interval.start_time=2023-10-20T00:00:00Z&interval.end_time=2023-10-23T23:59:59Z
d7abce8f;GET;/v1/accounts/ACC-001-A/transactions?interval.start_time=2023-09-15T00:00:00Z&interval.end_time=2023-09-15T23:59:59Z
462c7d30;GET;/v1/accounts/{account_id}/orders
299d52e3;GET;/v1/accounts/ACC-001-A
54729ac5;POST;/v1/accounts/{account_id}/orders
d45ab0a2;DELETE;/v1/accounts/{account_id}/orders/ORD100200
983f475d;POST;/v1/accounts/{account_id}/orders
97836324;GET;/v1/assets/AMZN@NASDAQ/schedule
cf0f39e1;POST;/v1/sessions/details
486d329b;POST;/v1/accounts/{account_id}/orders
0d49aa70;GET;/v1/assets/EuZ5@RTSX/schedule
ac52ade8;GET;/v1/instruments/AAPL@XNGS/trades/latest
740a59e1;DELETE;/v1/accounts/A12345/orders/ORD789012
2fe01a6f;GET;/v1/instruments/POLY@MISX/orderbook
5cf3d717;GET;/v1/accounts/USR-305-C/trades
50676b02;GET;/v1/assets/MAGN@MISX
0af7b9ef;GET;/v1/accounts/FIN-203-B
1221ddae;GET;/v1/accounts/ACC-001-A
eb2f6bb2;DELETE;/v1/accounts/{account_id}/orders/ORD654321
b9177d29;GET;/v1/instruments/OZON@MISX/trades/latest
73eee6fb;GET;/v1/accounts/ACC-001-A
457b7cdd;GET;/v1/instruments/RIZ5@RTSX/bars?timeframe=TIME_FRAME_D&interval.start_time=2025-08-01T00:00:00Z&interval.end_time=2025-08-31T23:59:59Z
5de1326d;GET;/v1/accounts/ACC-001-A/transactions?interval.start_time=2023-08-01T00:00:00Z&interval.end_time=2023-08-31T23:59:59Z
ba0202a0;GET;/v1/instruments/SBER@MISX/trades/latest
9518cfc9;POST;/v1/sessions/details
4918e680;GET;/v1/assets/TNK@MISX/params
d99afa29;GET;/v1/instruments/AAPL@NASDAQ/orderbook
5426bfff;GET;/v1/accounts/ACC-001-A/orders?date=2023-10-03
153d1eea;GET;/v1/accounts/USR-305-C
ccf3bcbc;GET;/v1/instruments/SiZ5@RTSX/quotes/latest
fb8825c1;GET;/v1/instruments/CHMF@MISX/orderbook
a96aeb52;POST;/v1/accounts/{account_id}/orders
be77bf46;GET;/v1/accounts/{account_id}/orders
a3b79bb9;GET;/v1/accounts/USR-305-C/trades
664e51ef;DELETE;/v1/accounts/{account_id}/orders/ORD000001
87b95769;GET;/v1/accounts/{account_id}/orders/ORD202309
ec79d3e4;GET;/v1/accounts/{account_id}/orders/ORD333111
40ca2ceb;GET;/v1/instruments/YNDX@MISX/quotes/latest
fffdd432;GET;/v1/assets/NOVATEK@MISX/params
7ea13b5d;GET;/v1/instruments/LKOH@MISX/bars?timeframe=TIME_FRAME_W&interval.start_time=2021-10-01T00:00:00Z&interval.end_time=2023-10-01T23:59:59Z
2b6ae7d7;GET;/v1/instruments/ROSN@MISX/orderbook
d3cc5e59;GET;/v1/instruments/VTBR@MISX/orderbook
492347c6;GET;/v1/assets/NLMK@MISX/params
0a2c45d9;GET;/v1/instruments/GAZP@MISX/trades/latest
dfb34737;GET;/v1/accounts/USR-305-C/trades
2a6d78e0;DELETE;/v1/accounts/{account_id}/orders/ORD555444
2d531ff8;GET;/v1/accounts/{account_id}/trades?interval.start_time=2023-10-16T00:00:00Z&interval.end_time=2023-10-23T23:59:59Z
8331bffe;GET;/v1/instruments/LKOH@MISX/trades/latest
8cade85e;POST;/v1/sessions/details
3eb5a95b;GET;/v1/instruments/AFLT@MISX/orderbook
6646a322;GET;/v1/instruments/RIZ5@RTSX/trades/latest
5034cd19;GET;/v1/assets/RASP@MISX/params
ac5433ae;DELETE;/v1/accounts/{account_id}/orders/ORD271828
fc996e05;GET;/v1/instruments/AAPL@NASDAQ/bars?timeframe=TIME_FRAME_D
3b1dbe0f;GET;/v1/instruments/LKOH@MISX/quotes/latest
c2618ea5;GET;/v1/instruments/POLIS@MISX/trades/latest
7d6dec3b;POST;/v1/accounts/{account_id}/orders
5445b92c;GET;/v1/instruments/X5RG@MISX/trades/latest
c9559e72;DELETE;/v1/accounts/{account_id}/orders/{order_id}
0b841da3;GET;"/v1/accounts/{account_id}/trades  
GET /v1/accounts/{account_id}/orders"
738e0f3c;GET;/v1/accounts/FIN-203-B/transactions?interval.start_time=2023-07-01T00:00:00Z&interval.end_time=2023-09-30T23:59:59Z
1d224cf9;POST;/v1/sessions/details
f89b8078;GET;/v1/assets/SiZ5@RTSX/schedule
e4bcea43;POST;/v1/accounts/{account_id}/orders
236082b9;POST;/v1/accounts/{account_id}/orders
420e4c48;GET;/v1/assets/AAPL@XNGS/schedule
7773a05f;POST;/v1/sessions/details
3415c89c;GET;/v1/assets/OZON@MISX
395d95f8;POST;/v1/accounts/{account_id}/orders
2bfd8e2f;GET;/v1/accounts/ACC-001-A/trades?interval.start_time=2025-08-01T00:00:00Z&interval.end_time=2025-08-15T23:59:59Z
6312aebb;GET;/v1/assets
b659f185;POST;/v1/accounts/{account_id}/orders
e1b1c5f2;GET;/v1/accounts/FORTS USR-305-C
d997e8a3;GET;/v1/instruments/YNDX@MISX/bars?timeframe=TIME_FRAME_D
d9e133ed;GET;/v1/assets/RU000A0JPNN0
20be9427;GET;/v1/accounts/USR-305-C/transactions?interval.start_time=2023-01-01T00:00:00Z&interval.end_time=2023-10-31T23:59:59Z
96d0ca69;DELETE;/v1/accounts/{account_id}/orders/ORD112233
cfac203a;GET;/v1/accounts/FIN-203-B/trades?interval.start_time=2023-10-02T00:00:00Z&interval.end_time=2023-10-02T23:59:59Z
d5c4da63;GET;/v1/instruments/GC@COMEX/bars?timeframe=TIME_FRAME_H1&interval.start_time=2023-10-02T00:00:00Z&interval.end_time=2023-10-02T23:59:59Z
3e153232;GET;/v1/instruments/EUR/quotes/latest
24d6716a;POST;/v1/accounts/{account_id}/orders
d68529a8;GET;/v1/accounts/FIN-203-B/trades?interval.start_time=2023-10-02T00:00:00Z&interval.end_time=2023-10-03T00:00:00Z
9bf74989;GET;/v1/accounts/ACC-001-A/transactions
e529be3a;POST;/v1/sessions/details
cdddc7b9;GET;/v1/assets/VKCO@MISX/params
038347e7;GET;/v1/instruments/SBER@MISX/orderbook
93e76bfb;GET;/v1/assets?symbol=GAZP@MISX
8f82415a;GET;/v1/instruments/AAPL@NASDAQ/bars?timeframe=TIME_FRAME_D&interval.start_time=2023-10-02T00:00:00Z&interval.end_time=2023-10-02T23:59:59Z
d2f930bd;GET;/v1/accounts/ACC-001-A/trades?interval.start_time=2023-10-03T09:00:00Z&interval.end_time=2023-10-03T10:00:00Z
f7edfb2d;GET;/v1/assets/CBOM@MISX
9b9184ad;GET;/v1/assets/AFLT@MISX
78c2f8ca;GET;/v1/accounts/ACC-001-A/trades?limit=50
8f4763bd;GET;/v1/assets/POLY@MISX/params
c3825d38;GET;/v1/accounts/{account_id}/orders/ORD789012
678e0118;GET;/v1/instruments/BRN@ICE/bars?timeframe=TIME_FRAME_D&interval.start_time=2023-01-01T00:00:00Z&interval.end_time=2023-12-31T23:59:59Z
560662a0;GET;/v1/instruments/LKOH@MISX/orderbook
8e1e503d;POST;/v1/accounts/{account_id}/orders
35aaca0e;GET;/v1/instruments/RIZ5@RTSX/orderbook
382d6a48;GET;/v1/accounts/{account_id}/orders/ORD555666
eb78105f;GET;/v1/instruments/YNDX@MISX/trades/latest
cd562f14;GET;/v1/accounts/B98765/orders
d9db8e7c;POST;/v1/sessions/details
5b592bfe;GET;/v1/assets/PIK@MISX/params
dcef2cd6;GET;/v1/accounts/ACC-001-A/transactions?interval.start_time=2023-09-01T00:00:00Z&interval.end_time=2023-09-30T23:59:59Z
b4608c1f;GET;/v1/assets/MTS@MISX
001841be;GET;/v1/instruments/LKOH@MISX/bars?timeframe=TIME_FRAME_D&interval.start_time=2023-10-16T00:00:00Z&interval.end_time=2023-10-23T23:59:59Z
e9b61d35;POST;/v1/sessions/details
7710a714;GET;/v1/assets/NAOZ@MISX/params
05e3a907;POST;/v1/accounts/{account_id}/orders
72163924;GET;/v1/accounts/{account_id}/orders?status=rejected
691fb74f;GET;/v1/accounts/FIN-203-B/transactions
7369cebb;GET;/v1/assets/OFZ26238/schedule
af8e543f;GET;/v1/instruments/POLY@MISX/bars?timeframe=TIME_FRAME_D
17947b10;GET;/v1/assets/ROSN@MISX/options
23f44b04;GET;/v1/assets/GAZP@MISX/params
a4100f30;POST;/v1/accounts/{account_id}/orders
6092fc9c;GET;/v1/assets/VTBR@MISX
62973db2;GET;/v1/instruments/SBER@MISX/quotes/latest
18896f3a;GET;/v1/instruments/AAPL@XNGS/orderbook
58ef899c;POST;/v1/sessions/details
f279b894;GET;/v1/accounts/FIN-203-B
710e0998;GET;/v1/accounts/C54321/orders
e1ed05ae;GET;/v1/instruments/ALRS@MISX/trades/latest
db1632da;GET;/v1/assets/SBER@MISX
fcb88b61;GET;/v1/instruments/SBER@MISX/bars?timeframe=TIME_FRAME_D&interval.start_time=2023-09-01T00:00:00Z&interval.end_time=2023-09-30T23:59:59Z
058c7345;GET;/v1/accounts/USR-305-C
7559a0ec;GET;/v1/assets/LKOH@MISX
da741d46;GET;/v1/instruments/ROSN@MISX/trades/latest
02e90cc8;DELETE;/v1/accounts/{account_id}/orders/ORD123450
08112b6f;GET;/v1/accounts/USR-305-C/trades
4506a0be;POST;/v1/accounts/{account_id}/orders
d6c87d70;GET;/v1/instruments/USD000UTSTOM/trades/latest
3baf539a;GET;/v1/accounts/ACC-001-A/transactions?limit=20
1a06806c;GET;/v1/instruments/MTSS@MISX/orderbook
c9faa3dd;GET;/v1/assets/X5R@MISX
3d5dc245;GET;/v1/accounts/ACC-001-A/trades
7e13fc76;GET;/v1/instruments/RIZ5@RTSX/quotes/latest
70fa0402;GET;/v1/accounts/ACC-001-A/transactions?interval.start_time=2023-10-02T00:00:00Z&interval.end_time=2023-10-02T23:59:59Z
70e94a3d;POST;/v1/accounts/{account_id}/orders
1b52f2db;GET;/v1/assets/DetskiyMir@MISX/params
f65a5398;GET;/v1/assets/VTBR@MISX/schedule
35d55ba9;POST;/v1/accounts/{account_id}/orders
add102b6;GET;/v1/instruments/YNDX@MISX/bars?timeframe=TIME_FRAME_D
7a1ec4da;POST;/v1/sessions/details
95d0d953;GET;/v1/instruments/RIZ5@RTSX/bars?timeframe=TIME_FRAME_H4&interval.start_time=2023-10-01T00:00:00Z&interval.end_time=2023-10-31T23:59:59Z
6eee5bdc;POST;/v1/accounts/{account_id}/orders
37104a1d;GET;/v1/accounts/{account_id}/orders
166df266;GET;/v1/accounts/FIN-203-B
d3d0fdf6;GET;/v1/instruments/SBER@MISX/bars?timeframe=TIME_FRAME_M5&interval.start_time=2023-10-01T00:00:00Z&interval.end_time=2023-10-01T23:59:59Z
78676206;GET;/v1/instruments/MAGN@MISX/orderbook
2342d1ee;GET;/v1/assets/TCS@MISX
71fef0c1;POST;/v1/accounts/A12345/orders
